<?xml version="1.0" encoding="UTF-8"?>
<!DOCTYPE mapper PUBLIC "-//mybatis.org//DTD Mapper 3.0//EN" 
"http://mybatis.org/dtd/mybatis-3-mapper.dtd">

<mapper namespace="co.prjt.own.band.mapper.BandMapper">
	<insert id="insertBand">
		<selectKey keyProperty="bandNo" resultType="string" order="BEFORE">
			SELECT BAND_SEQ.NEXTVAL FROM DUAL
		</selectKey>
		INSERT INTO BAND
			VALUES(
					#{bandNo},
					#{bandLeaderid},
					#{bandName},
                    #{bandIntro},
                    #{bandKeyword},
                    #{bandOpenOption},
                    #{bandLocOption},
                    #{bandAgeBeforoption},
                    #{bandAgeAfteroption},
                    #{bandCategory},
                    #{bandGenderOption},
                    #{bandMembershipOption},
                    #{bandLocation}
                  )
	</insert>
	<update id="updateBand">
		UPDATE band
				    SET
				        band_name = #{bandName},
				        band_intro = #{bandIntro},
				        band_keyword = #{bandKeyword},
				        band_open_option = #{bandOpenOption},
				        band_loc_option = #{bandLocOption},
				        band_age_beforoption = #{bandAgeBeforoption},
				        band_age_afteroption = #{bandAgeAfteroption},
				        band_category = #{bandCategory},
				        band_gender_option = #{bandGenderOption},
				        band_membership_option = #{bandMembershipOption},
				        band_location = #{bandLocation}
			       where band_no = #{bandNo}
	</update>
	<select id="getBand" resultType="BandVO">
		SELECT
					BAND_NAME,
			        BAND_INTRO,
			        BAND_KEYWORD,
			        BAND_OPEN_OPTION,
			        BAND_LOC_OPTION,
			        BAND_AGE_BEFOROPTION,
			        BAND_AGE_AFTEROPTION,
			        BAND_CATEGORY,
			        BAND_GENDER_OPTION,
			        BAND_MEMBERSHIP_OPTION,
			        BAND_LOCATION
			FROM BAND
	       WHERE 	BAND_NO = #{bandNo}
	</select>
	<sql id="condition">
		<where>
			<if test="bandKeyword != null and bandKeyword !=''">
				band_keyword LIKE '%' || #{bandKeyword} || '%'
			</if>
			<if test="bandOpenOption != null and bandOpenOption !=''">
				AND band_open_option = #{bandOpenOption}
			</if>
			<if test="bandCategory != null and bandCategory !=''">
				AND band_open_option = #{bandCategory}
			</if>
			<if test="bandLocation != null and bandLocation !=''">
				AND band_location = #{bandLocation}
			</if>
		</where>
	</sql>
	<select id="getBandAll" resultType="map">
		SELECT	BAND_NO
				BAND_NAME,
		        BAND_INTRO,
		        BAND_KEYWORD,
		        BAND_OPEN_OPTION,
		        BAND_LOC_OPTION,
		        BAND_AGE_BEFOROPTION,
		        BAND_AGE_AFTEROPTION,
		        BAND_CATEGORY,
		        BAND_GENDER_OPTION,
		        BAND_MEMBERSHIP_OPTION,
		        BAND_LOCATION
	       FROM ( SELECT ROWNUM RN, A.* FROM (
				SELECT * FROM BAND
		 <include refid="condition" />
		<![CDATA[		
				) A WHERE ROWNUM <= #{last} ) WHERE RN >= #{first}
		]]>
	</select>
	<select id="count">
	</select>
	<select id="getMemberBandAll" resultType="BandVO">
		SELECT	A.BAND_NO,
		        A.BAND_NAME,
		        A.BAND_INTRO,
		        A.BAND_KEYWORD,
		        A.BAND_OPEN_OPTION,
		        A.BAND_LOC_OPTION,
		        A.BAND_AGE_BEFOROPTION,
		        A.BAND_AGE_AFTEROPTION,
		        A.BAND_CATEGORY,
		        A.BAND_GENDER_OPTION,
		        A.BAND_MEMBERSHIP_OPTION,
		        A.BAND_LOCATION
		    FROM BAND A, BAND_MEMBER_DETAIL B
		        WHERE A.BAND_NO = B.BAND_NO
		        AND B.USER_ID = #{userId}
		        AND B.BAND_MEMBER_STATUS = 'BA02'
		        AND B.BAND_KICK_STATUS = 'BB01'
	</select>
	<select id="getBandRecentAll" resultType="map">
		SELECT
            A.BAND_NO,
            A.BAND_NAME,
            A.BAND_INTRO,
            A.BAND_KEYWORD,
            A.BAND_OPEN_OPTION,
            A.BAND_LOC_OPTION,
            A.BAND_AGE_BEFOROPTION,
            A.BAND_AGE_AFTEROPTION,
            A.BAND_CATEGORY,
            A.BAND_GENDER_OPTION,
            A.BAND_MEMBERSHIP_OPTION,
            A.BAND_LOCATION,
            D.RECENTDAY,
            E.MEMCOUNT
        FROM BAND A, BAND_MEMBER_DETAIL B, BAND_BOARD_OPTION C, 
                (SELECT 
                        MAX(BAND_BOARD_DATE) "RECENTDAY",
                        BAND_BOARD_OPTION_NO
                    FROM BAND_BOARD_DETAIL
                    GROUP BY BAND_BOARD_OPTION_NO) D,
                (SELECT BAND_NO, COUNT(*) "MEMCOUNT"
                    FROM BAND_MEMBER_DETAIL
                    GROUP BY BAND_NO) E
            WHERE A.BAND_NO = B.BAND_NO
            AND B.USER_ID = #{userId}
            AND B.BAND_MEMBER_STATUS = 'BA02'
            AND B.BAND_KICK_STATUS = 'BB01'
            AND A.BAND_NO = C.BAND_NO
            AND C.BAND_BOARD_OPTION_NO= D.BAND_BOARD_OPTION_NO
            AND A.BAND_NO = E.BAND_NO
            ORDER BY D.RECENTDAY DESC
	</select>
	<!-- 내가 가입한 모든 밴드 3개씩 페이징 -->
	<select id="getMyBandAll" resultType="map">
		select 
				   BAND_NO "bandNo",
                   BAND_NAME "bandName",
                   BAND_INTRO "bandIntro",
                   BAND_KEYWORD "bandKeyword",
                   BAND_OPEN_OPTION "bandOpenOption",
                   BAND_LOC_OPTION "bandLocOption",
                   BAND_AGE_BEFOROPTION "bandAgeBeforoption",
                   BAND_AGE_AFTEROPTION "bandAgeAfteroption",
                   BAND_CATEGORY "bandCategory",
                   BAND_GENDER_OPTION "bandGenderOption",
                   BAND_MEMBERSHIP_OPTION "bandMembershipOption",
                   BAND_LOCATION "bandLocation",
                   RECENTDAY "recentday",
				   MEMCOUNT "memcount"
        from ( SELECT ROWNUM RN, A.* FROM (
                                            SELECT * FROM (

                                                                SELECT
                                                                            A.BAND_NO,
                                                                            A.BAND_NAME,
                                                                            A.BAND_INTRO,
                                                                            A.BAND_KEYWORD,
                                                                            A.BAND_OPEN_OPTION,
                                                                            A.BAND_LOC_OPTION,
                                                                            A.BAND_AGE_BEFOROPTION,
                                                                            A.BAND_AGE_AFTEROPTION,
                                                                            A.BAND_CATEGORY,
                                                                            A.BAND_GENDER_OPTION,
                                                                            A.BAND_MEMBERSHIP_OPTION,
                                                                            A.BAND_LOCATION,
                                                                            D.RECENTDAY,
          																	E.MEMCOUNT
                                                                        FROM BAND A, BAND_MEMBER_DETAIL B, BAND_BOARD_OPTION C, 
                                                                                (SELECT 
                                                                                        MAX(BAND_BOARD_DATE) "RECENTDAY",
                                                                                        BAND_BOARD_OPTION_NO
                                                                                    FROM BAND_BOARD_DETAIL
                                                                                    GROUP BY BAND_BOARD_OPTION_NO) D,
                                                                                (SELECT BAND_NO, COUNT(*) "MEMCOUNT"
                                                                                    FROM BAND_MEMBER_DETAIL
                                                                                    GROUP BY BAND_NO) E
                                                                            WHERE A.BAND_NO = B.BAND_NO
                                                                            <!-- leaderid로 검색하지만 실제로는 유저아이디..검색용도 -->
                                                                            AND B.USER_ID = #{bandLeaderid}
                                                                            AND B.BAND_MEMBER_STATUS = 'BA02'
                                                                            AND B.BAND_KICK_STATUS = 'BB01'
                                                                            AND A.BAND_NO = C.BAND_NO(+)
                                                                            AND C.BAND_BOARD_OPTION_NO= D.BAND_BOARD_OPTION_NO(+)
                                                                            AND A.BAND_NO = E.BAND_NO(+)
                           
							
									<if test="bandName != null and bandName !=''">
										AND BAND_NAME LIKE '%' || #{bandName} || '%'
									</if>
                                                                            ORDER BY D.RECENTDAY DESC nulls last
<![CDATA[            
                         )) A WHERE ROWNUM <= #{last} ) WHERE RN >= #{first}
]]>
	</select>
	<!-- 내가 가입한 모든 밴드..서칭도 가능하게  -->
	<select id="count2" resultType="int" parameterType="map">
		SELECT COUNT(*) FROM (
								SELECT	A.BAND_NO,
        A.BAND_NAME,
        A.BAND_INTRO,
        A.BAND_KEYWORD,
        A.BAND_OPEN_OPTION,
        A.BAND_LOC_OPTION,
        A.BAND_AGE_BEFOROPTION,
        A.BAND_AGE_AFTEROPTION,
        A.BAND_CATEGORY,
        A.BAND_GENDER_OPTION,
        A.BAND_MEMBERSHIP_OPTION,
        A.BAND_LOCATION
    FROM BAND A, BAND_MEMBER_DETAIL B
        WHERE A.BAND_NO = B.BAND_NO
        AND B.USER_ID = #{userId}
        AND B.BAND_MEMBER_STATUS = 'BA02'
        AND B.BAND_KICK_STATUS = 'BB01'
        <if test="bandName != null and bandName !=''">
			AND BAND_NAME LIKE '%' || #{bandName} || '%'
		</if>
		)
	</select>
	<!-- 마이밴드 최신글 있는 것부터 세개씩페이징해서 가져옴 -->
	<select id="threeBand" resultType="map">
		SELECT 	BAND_NO "bandNo",
				BAND_BOARD_CONTENT "bandBoardContent",
				A.BAND_BOARD_DETAIL_NO "bandBoardDetailNo",
				BAND_BOARD_DATE "bandBoardDate",
				BAND_BOARD_TITLE "bandBoardTitle",
				BAND_BOARD_WRITER "bandBoardWriter",
				RANK "rank",
				REPLY_COUNT "replyCount",
				Band_NAME "bandName"
    		 FROM( 
		            SELECT 
								BAND_NO,
								Band_NAME,
								BAND_BOARD_CONTENT,
								BAND_BOARD_DETAIL_NO,
								BAND_BOARD_DATE,
								BAND_BOARD_TITLE,
								BAND_BOARD_WRITER,
								RANK 
							FROM(
				            SELECT  BAND_NO,
				            		Band_NAME,
				                    BAND_BOARD_CONTENT,
				                    BAND_BOARD_DETAIL_NO,
				                    BAND_BOARD_DATE,
				                    BAND_BOARD_TITLE,
				                    BAND_BOARD_WRITER,
				                    ROW_NUMBER() OVER(PARTITION BY Z.BAND_NO
				                                ORDER BY Z.BAND_NO, Z.BAND_BOARD_DATE) RANK
				                    FROM
				                    (SELECT	A.BAND_NO,
				                    		A.Band_NAME,
				                            D.BAND_BOARD_CONTENT,
				                            D.BAND_BOARD_DETAIL_NO,
				                            D.BAND_BOARD_DATE,
				                            D.BAND_BOARD_TITLE,
				                            D.BAND_BOARD_WRITER
				                            FROM BAND A, BAND_BOARD_OPTION C, BAND_BOARD_DETAIL D
				                                WHERE A.BAND_NO IN 
				                                <foreach collection="bandNos" item="b" separator="," open="(" close=")">
				                                	#{b}
				                                </foreach>
				                                AND A.BAND_NO = C.BAND_NO
				                                AND C.BAND_BOARD_OPTION_NO = D.BAND_BOARD_OPTION_NO) "Z"
<![CDATA[                                  
       				 ) WHERE RANK <=3) A,
]]>
        (SELECT 
                                                                                                                                BAND_BOARD_DETAIL_NO,
                                                                                                                                COUNT(*) REPLY_COUNT
                                                                                                                                FROM BAND_BOARD_DETAIL A, REPLY B
                                                                                                                                WHERE A.BAND_BOARD_DETAIL_NO=B.CATEGORY_NO
                                    GROUP BY BAND_BOARD_DETAIL_NO) B
    WHERE A.BAND_BOARD_DETAIL_NO=B.BAND_BOARD_DETAIL_NO(+)
    ORDER BY BAND_BOARD_DATE DESC
	</select>
</mapper>